タイトル,URL
リハビリ１,https://youtu.be/XbQ06MScArk
リハビリ２,https://youtu.be/XbQ06MScArk
リハビリ３,https://youtu.be/XbQ06MScArk
リハビリ４,https://youtu.be/XbQ06MScArk
リハビリ５,https://youtu.be/XbQ06MScArk
リハビリ６,https://youtu.be/XbQ06MScArk
リハビリ７,https://youtu.be/XbQ06MScArk
リハビリ８,https://youtu.be/XbQ06MScArk
リハビリ９,https://youtu.be/XbQ06MScArk
リハビリ１０,https://youtu.be/XbQ06MScArk
リハビリ１１,https://youtu.be/XbQ06MScArk
リハビリ１２,https://youtu.be/XbQ06MScArk
リハビリ１３,https://youtu.be/XbQ06MScArk
リハビリ１４,https://youtu.be/XbQ06MScArk
リハビリ１５,https://youtu.be/XbQ06MScArk
リハビリ１６,https://youtu.be/XbQ06MScArk
リハビリ１７,https://youtu.be/XbQ06MScArk
リハビリ１８,https://youtu.be/XbQ06MScArk
リハビリ１９,https://youtu.be/XbQ06MScArk